email,password,name
perf_user01@eshop.com,Perf1234!,Perf User 01
perf_user02@eshop.com,Perf1234!,Perf User 02
perf_user03@eshop.com,Perf1234!,Perf User 03
perf_user04@eshop.com,Perf1234!,Perf User 04
perf_user05@eshop.com,Perf1234!,Perf User 05
perf_user06@eshop.com,Perf1234!,Perf User 06
perf_user07@eshop.com,Perf1234!,Perf User 07
perf_user08@eshop.com,Perf1234!,Perf User 08
perf_user09@eshop.com,Perf1234!,Perf User 09
perf_user10@eshop.com,Perf1234!,Perf User 10
perf_user11@eshop.com,Perf1234!,Perf User 11
perf_user12@eshop.com,Perf1234!,Perf User 12
perf_user13@eshop.com,Perf1234!,Perf User 13
perf_user14@eshop.com,Perf1234!,Perf User 14
perf_user15@eshop.com,Perf1234!,Perf User 15
perf_user16@eshop.com,Perf1234!,Perf User 16
perf_user17@eshop.com,Perf1234!,Perf User 17
perf_user18@eshop.com,Perf1234!,Perf User 18
perf_user19@eshop.com,Perf1234!,Perf User 19
perf_user20@eshop.com,Perf1234!,Perf User 20
perf_user21@eshop.com,Perf1234!,Perf User 21
perf_user22@eshop.com,Perf1234!,Perf User 22
perf_user23@eshop.com,Perf1234!,Perf User 23
perf_user24@eshop.com,Perf1234!,Perf User 24
perf_user25@eshop.com,Perf1234!,Perf User 25
perf_user26@eshop.com,Perf1234!,Perf User 26
perf_user27@eshop.com,Perf1234!,Perf User 27
perf_user28@eshop.com,Perf1234!,Perf User 28
perf_user29@eshop.com,Perf1234!,Perf User 29
perf_user30@eshop.com,Perf1234!,Perf User 30
perf_user31@eshop.com,Perf1234!,Perf User 31
perf_user32@eshop.com,Perf1234!,Perf User 32
perf_user33@eshop.com,Perf1234!,Perf User 33
perf_user34@eshop.com,Perf1234!,Perf User 34
perf_user35@eshop.com,Perf1234!,Perf User 35
perf_user36@eshop.com,Perf1234!,Perf User 36
perf_user37@eshop.com,Perf1234!,Perf User 37
perf_user38@eshop.com,Perf1234!,Perf User 38
perf_user39@eshop.com,Perf1234!,Perf User 39
perf_user40@eshop.com,Perf1234!,Perf User 40
perf_user41@eshop.com,Perf1234!,Perf User 41
perf_user42@eshop.com,Perf1234!,Perf User 42
perf_user43@eshop.com,Perf1234!,Perf User 43
perf_user44@eshop.com,Perf1234!,Perf User 44
perf_user45@eshop.com,Perf1234!,Perf User 45
perf_user46@eshop.com,Perf1234!,Perf User 46
perf_user47@eshop.com,Perf1234!,Perf User 47
perf_user48@eshop.com,Perf1234!,Perf User 48
perf_user49@eshop.com,Perf1234!,Perf User 49
perf_user50@eshop.com,Perf1234!,Perf User 50
