timestamp,cpu_pct,mem_mb,threads
09:51:33,0,69.7,12
09:51:35,0,69.2,12
09:51:37,0,69.2,12
09:51:39,0,69.6,12
09:51:41,0,44.3,31
09:51:43,0,44.8,31
09:51:45,0,48,12
09:51:47,0,49.7,12
09:51:49,0,53.4,12
09:51:51,0,62.4,12
09:51:53,0,65.5,12
09:51:55,0,68,12
09:51:57,0,67,12
09:51:59,0,67.2,12
09:52:01,0,66.9,12
09:52:04,0,67.7,12
09:52:06,0,70.3,12
09:52:08,0,71.5,12
09:52:10,0,71.5,12
09:52:12,0,71.8,12
09:52:14,0,72.1,12
09:52:16,0,72.1,12
09:52:18,0,72.1,12
09:52:20,0,72.1,12
09:52:22,0,45.3,31
09:52:24,0,44.9,31
09:52:26,0,47.5,12
09:52:28,0,50,12
09:52:30,0,51,12
09:52:32,0,58.7,12
09:52:34,0,65.1,12
09:52:36,0,67.2,12
09:52:38,0,70,12
09:52:40,0,69,12
09:52:42,0,70,12
09:52:44,0,70.4,12
09:52:46,0,70.6,12
09:52:48,0,69.2,12
09:52:50,0,69.2,12
09:52:52,0,69.2,12
09:52:54,0,45,31
09:52:56,0,45,31
09:52:58,0,45.8,12
09:53:00,0,50.3,12
09:53:02,0,59.4,12
09:53:04,0,65,12
09:53:06,0,69.4,12
09:53:08,0,70.3,12
09:53:10,0,68.8,12
09:53:12,0,69.4,12
09:53:14,0,69.4,12
09:53:16,0,69.6,12
09:53:18,0,69,12
09:53:20,0,69.5,12
09:53:22,0,69.7,12
09:53:24,0,69.9,12
09:53:26,0,69.9,12
09:53:28,0,70,12
09:53:30,0,70.3,12
09:53:32,0,70.3,12
09:53:34,0,70.3,12
09:53:36,0,70.4,12
09:53:38,0,70.5,12
09:53:40,0,70.5,12
09:53:42,0,70.5,12
09:53:44,0,70.6,12
09:53:46,0,71.8,12
09:53:48,0,70.1,12
09:53:50,0,70.6,12
09:53:52,0,70.7,12
09:53:54,0,70.7,12
09:53:56,0,70.3,12
09:53:58,0,70,12
09:54:00,0,69.8,12
09:54:03,0,70.6,12
09:54:05,0,70.7,12
09:54:07,0,70.3,12
09:54:09,0,70.5,12
09:54:11,0,70.5,12
09:54:13,0,70.6,12
09:54:15,0,70.6,12
09:54:17,0,70.6,12
09:54:19,0,71.7,12
09:54:21,0,70.3,12
09:54:23,0,70.4,12
09:54:25,0,70.4,12
09:54:27,0,70.4,12
09:54:29,0,45.5,32
09:54:31,0,45.5,32
09:54:33,0,46.2,32
09:54:35,0,46.2,32
09:54:37,0,46.2,32
09:54:39,0,46.2,31
09:54:41,0,46.2,31
09:54:43,0,45.9,32
09:54:45,0,45.9,32
09:54:47,0,45.9,32
09:54:49,0,45.9,32
09:54:51,0,45.9,32
09:54:53,0,46.6,32
09:54:55,0,46.6,32
09:54:57,0,46.6,32
09:54:59,0,45.9,32
09:55:01,0,45.9,32
09:55:03,0,46.5,32
09:55:05,0,46.5,32
09:55:07,0,46.5,32
09:55:09,0,46.5,32
09:55:11,0,46.5,32
09:55:13,0,46.7,32
09:55:15,0,46.7,32
09:55:17,0,46.7,32
09:55:19,0,46.7,32
09:55:21,0,46.7,32
09:55:23,0,47.3,32
09:55:25,0,47.3,32
09:55:27,0,47.3,32
09:55:29,0,46.3,32
09:55:31,0,46.3,32
09:55:33,0,46.9,32
09:55:35,0,46.9,32
09:55:37,0,46.9,32
09:55:39,0,46.9,32
09:55:41,0,46.9,32
09:55:43,0,46.8,32
09:55:45,0,46.8,32
09:55:47,0,46.8,32
09:55:49,0,46.8,32
09:55:51,0,46.8,32
09:55:53,0,47.5,32
09:55:55,0,47.5,32
09:55:57,0,47.5,32
09:55:59,0,46.7,30
09:56:01,0,46.7,30
09:56:03,0,47.4,30
09:56:05,0,47.4,30
09:56:07,0,47.4,30
09:56:10,0,47.4,30
09:56:12,0,47.4,30
09:56:14,0,47.3,30
09:56:16,0,47.3,30
09:56:18,0,47.3,30
09:56:20,0,47.3,30
09:56:22,0,47.3,30
09:56:24,0,48,30
09:56:26,0,48,30
09:56:28,0,46.9,30
09:56:30,0,46.9,30
09:56:32,0,46.9,30
09:56:34,0,47.8,30
09:56:36,0,47.8,30
09:56:38,0,47.8,30
09:56:40,0,47.8,30
09:56:42,0,47.8,30
09:56:44,0,47.7,30
09:56:46,0,47.7,30
09:56:48,0,47.7,30
09:56:50,0,47.7,30
09:56:52,0,47.7,30
09:56:54,0,48.4,30
09:56:56,0,48.4,30
09:56:58,0,47.4,30
09:57:00,0,47.4,30
09:57:02,0,47.4,30
09:57:04,0,48,30
09:57:06,0,48,30
09:57:08,0,48,30
09:57:10,0,48,30
09:57:12,0,48,30
09:57:14,0,47.8,30
09:57:16,0,47.8,30
09:57:18,0,47.8,30
09:57:20,0,47.8,30
09:57:22,0,47.8,30
09:57:24,0,48.4,30
09:57:26,0,48.4,30
09:57:28,0,47.4,30
09:57:30,0,47.4,30
09:57:32,0,47.4,30
09:57:34,0,48,30
09:57:36,0,48,30
09:57:38,0,48,30
09:57:40,0,48,30
09:57:42,0,48,30
09:57:44,0,47.8,30
09:57:46,0,47.8,30
09:57:48,0,47.8,30
09:57:50,0,47.8,30
09:57:52,0,47.8,30
09:57:54,0,48.5,30
09:57:56,0,48.5,31
09:57:58,0,47.5,31
09:58:00,0,47.5,31
09:58:02,0,47.5,31
09:58:04,0,48.2,31
09:58:06,0,48.2,31
09:58:09,0,48.2,31
09:58:11,0,48.2,31
09:58:13,0,48.2,31
09:58:15,0,48.1,31
09:58:17,0,48.1,31
09:58:19,0,48.1,31
09:58:21,0,48.1,31
09:58:23,0,48.1,31
09:58:25,0,48.7,31
09:58:27,0,48.7,31
09:58:29,0,47.6,31
09:58:31,0,47.6,31
09:58:33,0,47.6,31
09:58:35,0,48.3,32
09:58:37,0,48.3,32
09:58:39,0,48.3,32
09:58:41,0,48.3,32
09:58:43,0,48.3,32
09:58:45,0,48.2,32
09:58:47,0,48.2,32
09:58:49,0,48.2,32
09:58:51,0,48.2,32
09:58:53,0,48.2,32
09:58:55,0,48.8,32
09:58:57,0,48.8,32
09:58:59,0,47.9,32
09:59:01,0,47.9,32
09:59:03,0,48.5,32
09:59:05,0,48.5,32
09:59:07,0,48.5,31
09:59:09,0,48.5,31
09:59:11,0,48.5,31
09:59:13,0,48.4,31
09:59:15,0,48.4,31
09:59:17,0,48.4,31
09:59:19,0,48.4,31
09:59:21,0,48.4,31
09:59:23,0,49,31
09:59:25,0,49,31
09:59:27,0,49,31
09:59:29,0,47.9,31
09:59:31,0,47.9,31
09:59:33,0,48.9,31
09:59:35,0,48.9,31
09:59:37,0,48.9,31
09:59:39,0,48.9,31
09:59:41,0,48.9,31
09:59:43,0,48.9,31
09:59:45,0,48.9,31
09:59:47,0,48.9,31
09:59:49,0,48.9,31
09:59:51,0,48.9,31
09:59:53,0,49.6,31
09:59:55,0,50.1,31
09:59:57,0,50.2,31
09:59:59,0,49.2,31
10:00:01,0,49.2,31
10:00:03,0,49.8,31
10:00:05,0,49.8,31
10:00:07,0,49.8,31
10:00:09,0,49.8,31
10:00:12,0,49.8,31
10:00:14,0,49.6,31
10:00:16,0,49.6,31
10:00:18,0,49.6,31
10:00:20,0,49.6,31
10:00:22,0,49.6,31
10:00:24,0,50.3,31
10:00:26,0,50.3,31
10:00:28,0,50.8,30
10:00:30,0,49.7,30
10:00:32,0,49.7,30
10:00:34,0,50.4,30
10:00:36,0,50.4,30
10:00:38,0,50.4,30
10:00:40,0,50.4,30
10:00:42,0,50.4,30
10:00:44,0,50.2,30
10:00:46,0,50.2,30
10:00:48,0,50.2,30
10:00:50,0,50.2,30
10:00:52,0,50.2,30
10:00:54,0,50.8,30
10:00:56,0,50.8,30
10:00:58,0,49.9,30
10:01:00,0,49.9,30
10:01:02,0,49.9,30
10:01:04,0,50.6,30
10:01:06,0,50.6,30
10:01:08,0,50.6,30
10:01:10,0,50.6,30
10:01:12,0,50.6,30
10:01:14,0,50.4,30
10:01:16,0,50.4,30
10:01:18,0,50.4,30
10:01:20,0,50.4,30
10:01:22,0,50.4,30
10:01:24,0,51,30
10:01:26,0,51,30
10:01:28,0,50,30
10:01:30,0,50,30
10:01:32,0,50,30
10:01:34,0,50.6,30
10:01:36,0,50.6,31
10:01:38,0,50.6,31
10:01:40,0,50.6,31
10:01:42,0,50.6,31
10:01:44,0,50.5,31
10:01:46,0,50.5,31
10:01:48,0,50.5,31
10:01:50,0,50.5,31
10:01:52,0,50.5,31
10:01:54,0,51.1,31
10:01:56,0,51.1,31
10:01:58,0,50,31
10:02:00,0,50,31
10:02:02,0,50,31
10:02:04,0,50.6,31
10:02:06,0,50.6,31
10:02:08,0,50.6,31
10:02:10,0,50.6,31
10:02:12,0,50.6,31
10:02:15,0,50.5,31
10:02:17,0,50.5,31
10:02:19,0,50.5,31
10:02:21,0,50.5,31
10:02:23,0,50.5,31
10:02:25,0,51.1,31
10:02:27,0,51.1,31
10:02:29,0,50,31
10:02:31,0,50,31
10:02:33,0,50,31
10:02:35,0,50.7,31
10:02:37,0,50.7,31
10:02:39,0,50.7,31
10:02:41,0,50.7,31
10:02:43,0,50.7,31
10:02:45,0,50.5,32
10:02:47,0,50.5,32
10:02:49,0,50.5,32
10:02:51,0,50.5,32
10:02:53,0,50.5,32
10:02:55,0,51.1,32
10:02:57,0,51.1,32
10:02:59,0,50.1,32
10:03:01,0,50.1,32
10:03:03,0,50.1,32
10:03:05,0,50.7,32
10:03:07,0,50.7,32
10:03:09,0,50.7,32
10:03:11,0,50.7,32
10:03:13,0,50.7,32
10:03:15,0,50.5,32
10:03:17,0,50.5,32
10:03:19,0,50.5,32
10:03:21,0,50.5,32
10:03:23,0,50.5,32
10:03:25,0,51.3,32
10:03:27,0,51.3,32
10:03:29,0,50.3,32
10:03:31,0,50.3,32
10:03:33,0,50.3,32
10:03:35,0,50.8,31
10:03:37,0,50.8,31
10:03:39,0,50.8,31
10:03:41,0,50.8,31
10:03:43,0,50.8,31
10:03:45,0,52.5,31
10:03:47,0,52.5,31
10:03:49,0,52.5,31
10:03:51,0,52.5,31
10:03:53,0,53.2,31
10:03:55,0,53.2,31
10:03:57,0,53.2,31
10:03:59,0,52.1,31
10:04:01,0,52.1,31
10:04:03,0,52.7,31
10:04:05,0,52.7,31
10:04:07,0,52.7,31
10:04:09,0,52.7,31
10:04:11,0,52.7,31
10:04:13,0,52.6,31
10:04:15,0,52.6,31
10:04:17,0,52.6,31
10:04:19,0,52.6,31
10:04:21,0,52.6,31
10:04:23,0,53.2,31
10:04:25,0,53.2,31
10:04:28,0,53.2,31
10:04:30,0,52.2,31
10:04:32,0,52.2,31
10:04:34,0,52.8,31
10:04:36,0,52.8,31
10:04:38,0,52.8,31
10:04:40,0,52.8,31
10:04:42,0,52.8,31
10:04:44,0,52.6,31
10:04:46,0,52.6,31
10:04:48,0,52.6,31
10:04:50,0,52.6,31
10:04:52,0,52.6,31
10:04:54,0,53.2,31
10:04:56,0,53.4,30
10:04:58,0,53.4,30
10:05:00,0,52.3,30
10:05:02,0,52.3,30
10:05:04,0,52.9,30
10:05:06,0,52.9,30
10:05:08,0,52.9,30
10:05:10,0,52.9,30
10:05:12,0,52.9,30
10:05:14,0,52.7,30
10:05:16,0,52.8,31
10:05:18,0,52.8,31
10:05:20,0,52.8,31
10:05:22,0,52.8,31
10:05:24,0,53.4,31
10:05:26,0,53.4,31
10:05:28,0,52.3,31
10:05:30,0,52.3,31
10:05:32,0,52.3,31
10:05:34,0,52.9,31
10:05:36,0,52.9,31
10:05:38,0,52.9,31
10:05:40,0,52.9,31
10:05:42,0,52.9,31
10:05:44,0,52.8,31
10:05:46,0,52.8,31
10:05:48,0,52.8,31
10:05:50,0,52.8,31
10:05:52,0,52.8,31
10:05:54,0,53.4,32
10:05:56,0,53.4,32
10:05:58,0,52.3,32
10:06:00,0,52.3,32
10:06:02,0,52.3,32
10:06:04,0,52.9,32
10:06:06,0,52.9,32
10:06:08,0,52.9,32
10:06:10,0,52.9,32
10:06:12,0,52.9,32
10:06:14,0,52.8,32
10:06:16,0,52.8,32
10:06:18,0,52.8,32
10:06:20,0,52.8,32
10:06:22,0,52.8,32
10:06:24,0,53.4,32
10:06:26,0,53.4,32
10:06:28,0,52.3,32
10:06:30,0,52.3,32
10:06:32,0,52.3,32
10:06:34,0,52.9,32
10:06:36,0,52.9,32
10:06:38,0,52.9,32
10:06:41,0,52.9,32
10:06:43,0,52.9,32
10:06:45,0,52.8,32
10:06:47,0,52.8,32
10:06:49,0,52.8,32
10:06:51,0,52.8,32
10:06:53,0,52.8,32
10:06:55,0,53.4,32
10:06:57,0,53.4,31
10:06:59,0,52.3,31
10:07:01,0,52.3,31
10:07:03,0,52.3,31
10:07:05,0,52.9,31
10:07:07,0,52.9,31
10:07:09,0,52.9,30
10:07:11,0,52.9,30
10:07:13,0,52.9,30
10:07:15,0,52.8,30
10:07:17,0,52.8,30
10:07:19,0,52.8,30
10:07:21,0,52.8,30
10:07:23,0,52.8,30
10:07:25,0,53.4,30
10:07:27,0,53.4,30
10:07:29,0,52.3,30
10:07:31,0,52.3,30
10:07:33,0,52.3,30
10:07:35,0,52.9,30
10:07:37,0,52.9,30
10:07:39,0,52.9,30
10:07:41,0,52.9,30
10:07:43,0,52.9,30
10:07:45,0,52.8,30
10:07:47,0,52.8,30
10:07:49,0,52.8,30
10:07:51,0,52.8,30
10:07:53,0,52.8,30
10:07:55,0,53.4,30
10:07:57,0,53.4,30
10:07:59,0,52.3,30
10:08:01,0,52.3,30
10:08:03,0,52.3,30
10:08:05,0,52.9,30
10:08:07,0,52.9,30
10:08:09,0,52.9,30
10:08:11,0,52.9,30
10:08:13,0,52.9,30
10:08:15,0,52.8,30
10:08:17,0,52.8,30
10:08:19,0,52.8,30
10:08:21,0,52.8,30
10:08:23,0,52.8,30
10:08:25,0,53.4,30
10:08:27,0,53.4,30
10:08:29,0,52.3,30
10:08:31,0,52.3,30
10:08:33,0,52.9,30
10:08:35,0,52.9,30
10:08:37,0,52.9,30
10:08:39,0,52.9,30
10:08:42,0,52.9,30
10:08:44,0,52.8,30
10:08:46,0,52.8,30
10:08:48,0,52.8,30
10:08:50,0,52.8,30
10:08:52,0,52.8,30
10:08:54,0,53.4,30
10:08:56,0,53.4,31
10:08:58,0,53.4,31
10:09:00,0,52.3,31
10:09:02,0,52.3,31
10:09:04,0,52.9,31
10:09:06,0,52.9,31
10:09:08,0,52.9,31
10:09:10,0,52.9,31
10:09:12,0,52.9,31
10:09:14,0,52.8,31
10:09:16,0,52.8,31
10:09:18,0,52.8,31
10:09:20,0,52.8,31
10:09:22,0,52.8,31
10:09:24,0,53.4,31
10:09:26,0,53.4,31
10:09:28,0,53.4,31
10:09:30,0,52.3,31
10:09:32,0,52.3,31
10:09:34,0,52.9,31
10:09:36,0,52.9,31
10:09:38,0,52.9,31
10:09:40,0,52.9,31
10:09:42,0,52.9,31
10:09:44,0,52.8,31
10:09:46,0,52.8,31
10:09:48,0,52.8,31
10:09:50,0,52.8,31
10:09:52,0,52.8,31
